God´s Plan,2,29
Perfect,1,29
Meant to be,2,29
Havana,1,29
Rockstar,1,29
Psycho,1,29
I like It,3,29
The Middle,3,29
In My Feelings,3,29
Girls Like You,2,29
Harvey Specter,1,30
Mike Ross,1,30
Louis Litt,1,30
Rachel Zane,2,30
Donna Paulsen,2,30
Jessica Pearson,2,30
Katrina Bennett,3,30
Alex Williams,3,30
Samantha Wheeler,3,30
Donald Duck,1,31
Daisy Duck,1,31
Huey,2,31
Dewey,2,31
Louie,2,31
Scrooge McDuck,3,31
Ludwig Von Drake,3,31
Alex,1,32
Marty,1,32
Melman,1,32
Gloria,1,32
Skipper,3,32
Kowalski,2,32
Rico,3,32
Private,3,32
King Julien,2,32
Maurice,3,32
Mort,3,32
Ryan ToysReview,3,33
Jake Paul,1,33
Dude Perfect,2,33
DanTDM,3,33
Jeffree Star,1,33
MarkiPlier,3,33
VanossGaming,3,33
JacksePticeye,3,33
PewDiePie,1,33
Logan Paul,1,33
T-Series,2,34
PewDiePie,1,34
5-Minute Crafts,1,34
Canal KondZilla,2,34
Set India,3,34
Justin Bieber,1,34
Cocomelon,3,34
WWE,3,34
Dude Perfect,2,34
HolaSoyGerman.,3,34
instagram,2,35
cristiano,3,35
arianagrande,2,35
selenagomez,2,35
therock,3,35
kimkardashian,1,35
kyliejenner,1,35
beyonce,1,35
taylorswift,2,35
neymarjr,3,35
